Rows,Cumulative Hypervolume
1-5,815625969.3199999
1-10,851911780.55
1-15,851911780.55
1-20,851911780.55
1-25,851911780.55
1-30,851911780.55
1-35,857391239.0799999
1-40,871564998.94
1-45,871564998.94
1-50,871564998.94
1-55,871564998.94
1-60,871564998.94
1-65,876155301.54
1-70,876155301.54
1-75,876155301.54
1-80,876155301.54
1-85,876155301.54
1-90,876155301.54
1-95,876155301.54
1-100,876155301.54
1-105,880015015.71
1-110,880015015.71
1-115,880015015.71
1-120,880015015.71
1-125,880015015.71
1-130,880015015.71
1-135,880015015.71
1-140,880015015.71
1-145,880015015.71
1-150,880015015.71
1-155,880015015.71
1-160,880015015.71
