Rows,Cumulative Hypervolume
1-5,53879599.320000015
1-10,56656625.55000002
1-15,56656625.55000002
1-20,56656625.55000002
1-25,56656625.55000002
1-30,56656625.55000002
1-35,56995879.08000002
1-40,57873428.94000002
1-45,57873428.94000002
1-50,57873428.94000002
1-55,57873428.94000002
1-60,57873428.94000002
1-65,58157631.54000002
1-70,58157631.54000002
1-75,58157631.54000002
1-80,58157631.54000002
1-85,58157631.54000002
1-90,58157631.54000002
1-95,58157631.54000002
1-100,58157631.54000002
1-105,58396600.71000002
1-110,58396600.71000002
1-115,58396600.71000002
1-120,58396600.71000002
1-125,58396600.71000002
1-130,58396600.71000002
1-135,58396600.71000002
1-140,58396600.71000002
1-145,58396600.71000002
1-150,58396600.71000002
1-155,58396600.71000002
1-160,58396600.71000002
