Rows,Cumulative Hypervolume
1-5,54039183.66000001
1-10,54831567.87000001
1-15,54832018.110000014
1-20,55355012.07000001
1-25,56894177.610000014
1-30,57049462.17000001
1-35,57049462.17000001
1-40,57509695.89000001
1-45,57509695.89000001
1-50,57568204.98000001
1-55,57568204.98000001
1-60,57568204.98000001
1-65,57626647.74000001
1-70,57626647.74000001
1-75,57626647.74000001
1-80,57633268.68000001
1-85,57633268.68000001
1-90,58064341.32000001
1-95,58064341.32000001
1-100,58064341.32000001
1-105,58064341.32000001
1-110,58064341.32000001
1-115,58064341.32000001
1-120,58128469.02000001
1-125,58128469.02000001
1-130,58128469.02000001
1-135,58128614.88000001
1-140,58128614.88000001
1-145,58128614.88000001
1-150,58128614.88000001
1-155,58128614.88000001
1-160,58128614.88000001
