Rows,Cumulative Hypervolume
1-5,815785553.66
1-10,850086722.87
1-15,850087173.11
1-20,850610167.07
1-25,858885072.61
1-30,861229277.17
1-35,861229277.17
1-40,868177050.89
1-45,868177050.89
1-50,869060314.98
1-55,869060314.98
1-60,869060314.98
1-65,869942577.74
1-70,869942577.74
1-75,869942577.74
1-80,870042528.6800001
1-85,870042528.6800001
1-90,876550081.32
1-95,876550081.32
1-100,876550081.32
1-105,876550081.32
1-110,876550081.32
1-115,876550081.32
1-120,879746884.0200001
1-125,879746884.0200001
1-130,879746884.0200001
1-135,879747029.88
1-140,879747029.88
1-145,879747029.88
1-150,879747029.88
1-155,879747029.88
1-160,879747029.88
