Rows,Cumulative Hypervolume
1-5,52884938.22000002
1-10,56361493.23000002
1-15,56361493.23000002
1-20,56361493.23000002
1-25,56650175.46000002
1-30,56650175.46000002
1-35,56650175.46000002
1-40,56650175.46000002
1-45,56650175.46000002
1-50,56650175.46000002
1-55,56650175.46000002
1-60,56650175.46000002
1-65,56783186.91000002
1-70,56783186.91000002
1-75,57025592.64000002
1-80,57025592.64000002
1-85,57025592.64000002
1-90,57214301.490000024
1-95,57214301.490000024
1-100,57214301.490000024
1-105,57214301.490000024
1-110,57214301.490000024
1-115,57214301.490000024
1-120,57214301.490000024
1-125,57598134.14000002
1-130,57598134.14000002
1-135,57598134.14000002
1-140,57598134.14000002
1-145,57631673.54000002
1-150,57631673.54000002
1-155,57631673.54000002
1-160,57631673.54000002
