Rows,Cumulative Hypervolume
1-5,814631308.22
1-10,851616648.23
1-15,851616648.23
1-20,851616648.23
1-25,864113285.46
1-30,864113285.46
1-35,864113285.46
1-40,864113285.46
1-45,864113285.46
1-50,864113285.46
1-55,864113285.46
1-60,864113285.46
1-65,864246296.91
1-70,864246296.91
1-75,870663782.64
1-80,870663782.64
1-85,870663782.64
1-90,878832716.49
1-95,878832716.49
1-100,878832716.49
1-105,878832716.49
1-110,878832716.49
1-115,878832716.49
1-120,878832716.49
1-125,879216549.1400001
1-130,879216549.1400001
1-135,879216549.1400001
1-140,879216549.1400001
1-145,879250088.5400001
1-150,879250088.5400001
1-155,879250088.5400001
1-160,879250088.5400001
