Rows,Cumulative Hypervolume
1-5,816054405.32
1-10,850355574.5300001
1-15,850355574.5300001
1-20,850355574.5300001
1-25,853018573.24
1-30,853018573.24
1-35,856776619.44
1-40,857757608.82
1-45,857757608.82
1-50,866520585.8000001
1-55,866520585.8000001
1-60,866520585.8000001
1-65,868577084.84
1-70,868577084.84
1-75,876843602.7
1-80,880194974.94
1-85,880194974.94
1-90,880194974.94
1-95,880194974.94
1-100,880194974.94
1-105,880194974.94
1-110,880194974.94
1-115,880194974.94
1-120,880194974.94
1-125,880194974.94
1-130,880194974.94
1-135,880194974.94
1-140,880194974.94
1-145,880194974.94
1-150,880194974.94
1-155,880194974.94
1-160,880194974.94
