Rows,Cumulative Hypervolume
1-5,54308035.32000002
1-10,55100419.53000002
1-15,55100419.53000002
1-20,55100419.53000002
1-25,56767983.240000024
1-30,56767983.240000024
1-35,57018079.44000002
1-40,57083363.82000002
1-45,57083363.82000002
1-50,57666535.80000002
1-55,57666535.80000002
1-60,57666535.80000002
1-65,57803394.84000002
1-70,57803394.84000002
1-75,58353527.700000025
1-80,58576559.94000002
1-85,58576559.94000002
1-90,58576559.94000002
1-95,58576559.94000002
1-100,58576559.94000002
1-105,58576559.94000002
1-110,58576559.94000002
1-115,58576559.94000002
1-120,58576559.94000002
1-125,58576559.94000002
1-130,58576559.94000002
1-135,58576559.94000002
1-140,58576559.94000002
1-145,58576559.94000002
1-150,58576559.94000002
1-155,58576559.94000002
1-160,58576559.94000002
