Rows,Cumulative Hypervolume
1-5,815416052.36
1-10,851108821.7
1-15,851846279.38
1-20,851852522.82
1-25,851929328.58
1-30,856602352.12
1-35,859737639.34
1-40,859754941.84
1-45,859754941.84
1-50,867125340.46
1-55,867171077.5600001
1-60,869349091.52
1-65,869349091.52
1-70,869349091.52
1-75,869349091.52
1-80,871637990.73
1-85,871637990.73
1-90,871637990.73
1-95,871637990.73
1-100,871637990.73
1-105,871637990.73
1-110,871637990.73
1-115,871637990.73
1-120,871637990.73
1-125,871637990.73
1-130,871637990.73
1-135,871637990.73
1-140,874768838.06
1-145,874768838.06
1-150,876288845.97
1-155,876757209.0600001
1-160,876757209.0600001
